,glass,ingredients,instruction_length,mean_alcohol_percentage,complexity_score,Cocktail,Ordinary Drink,Punch / Party Drink,ingredient_pc1,ingredient_pc2,ingredient_pc3,ingredient_pc4,ingredient_pc5,ingredient_pc6,ingredient_pc7,ingredient_pc8,ingredient_pc9,ingredient_pc10
0,3,5,177,10,10.0,1,0,0,-0.0149818019674825,-0.4610439917163237,-0.001450561280928665,0.00017892601277810094,0.0016134610580523453,-0.0005756632151674738,-0.0014485425052987218,-0.00041853985833254707,0.002628601924816532,0.0001448046175211134
1,2,4,218,10,5.999999999999999,1,0,0,-0.01498180196748635,-0.012420892821273054,-0.03413448619695184,-0.045671218235322046,-0.008036103122399685,0.016703618886793583,0.007225461311104618,0.0017569479360151571,-0.023009195491249704,-0.001688400099160309
2,3,6,152,20,5.999999999999999,0,1,0,-0.014981801967482429,-0.002641998766070743,-0.011710934898841095,-0.02644785011226354,-0.012697324983784909,0.00963237628783232,-0.0004290410443561233,-0.0022462416502817234,0.004643494893099754,0.0001032472286006196
3,2,3,44,13,4.0,0,1,0,-0.014981801967482434,-0.00294864101304943,0.05210470052316513,0.10817818528004966,0.056743498167226764,0.0011926476317955983,-0.0064319281257890935,-0.0767955920554403,-0.04735902539582645,0.10520742324234357
4,2,4,148,10,10.0,0,1,0,-0.01498180196748242,-0.0035023006256494084,-0.01576563030795772,0.031991997786556176,-0.05697219835240628,-0.04806056826979232,-0.03304480887347349,-0.09279353322561665,0.016541853840003385,0.03222688480939077
5,1,3,184,13,5.999999999999999,1,0,0,-0.014981801967482503,-0.002420534921030989,0.03728485471367614,0.008281025520009712,0.02591206898810979,0.08378127748488032,0.047399128017473265,-0.06029136393080622,-0.012646447342657133,-0.005928718908904997
6,1,3,94,10,2.0,0,1,0,-0.014981801967482422,-0.002624963085683287,-0.039882969183700746,0.022108116806005617,0.01994354661344442,-0.032227212693479,0.06201923282028131,-0.05816127766580861,-0.040908113400899164,0.018234067425867365
7,1,4,301,10,10.0,0,1,0,-0.014981801967482378,-0.0033063903011909517,0.05634695013421216,0.0933666586048497,-0.0020859087219358297,-0.07030272832334702,-0.027392548821420597,0.027337124457153496,0.042887743241353846,0.02099891159852879
8,1,6,74,10,8.0,1,0,0,-0.014981801967482422,-0.0031189978169263504,-0.05186246265952278,-0.02857700681781084,-0.0687783591370207,-0.07274287794744004,-0.02098741007130152,0.021186995538396064,0.04034473059607735,0.06585135648331873
9,8,3,104,13,8.0,0,0,1,-0.014981801967482427,-0.0031360334973140397,-0.057209924866804956,-0.12018463177942608,-0.07565568529563572,0.08917915049847068,-0.03897013893029109,0.005165235555053064,-0.07982238406064301,-0.048370392347875414
10,1,3,117,8,5.999999999999999,0,1,0,-0.014981801967482422,-0.002429052761224832,0.014682981078409185,0.06343562799619737,0.008308508210718551,-0.01717785128730545,-0.006214014366722836,-0.039898398823272466,-0.04008270514215851,-0.002711318146085832
11,1,3,72,8,5.999999999999999,0,1,0,-0.014981801967482422,-0.0024290527612248337,-0.005605817585819391,-0.07163861795159966,-0.039209212098195334,-0.009975907610018082,-0.05620270782794732,0.05715491668754516,-0.028628613384813578,-0.06731304232654667
12,3,4,119,7,5.999999999999999,0,1,0,-0.014981801967481757,-0.0009980556086586696,0.002705297730228304,-0.009150418549546143,0.021968835184225644,0.002602458110996971,0.004262930084172187,0.018164638298302838,-0.023763702431021376,0.011858790003254124
13,1,4,105,10,4.0,0,1,0,-0.014981801967482479,-0.0024631241220002213,-0.10510632299766078,-0.10212419850313939,0.10083114741837705,-0.02354360007853579,0.11385051620861447,-0.007938320668261676,-0.01664150720471136,0.04755882189273139
14,1,4,107,10,4.0,0,1,0,-0.014981801967482432,-0.0027442128483971258,-0.018694510674904068,-0.07656730391886514,0.12957909860181205,0.0420851278240407,-0.044859627111661936,-0.05847442066332064,-0.10442341068077307,0.03978264185360694
15,9,4,123,10,4.0,0,1,0,-0.014981801967482528,-0.001696518504554094,-0.04572237292086682,-0.0956493257800261,-0.05219703588239054,-0.03436180812028064,-0.011721120566419293,0.03500002765557881,-0.023590100269633985,-0.015953591831964084
16,1,3,84,10,5.999999999999999,0,1,0,-0.014981801967482437,-0.003451193584486334,-0.01572665642620361,-0.027330416871612327,0.03055433366944128,-0.08076705769291907,-0.0019387838121201204,0.0003726659918460335,-0.1299445341827406,0.03432078712227848
17,1,3,93,13,4.0,0,1,0,-0.014981801967482503,-0.0024205349210309904,0.01680968405683297,-0.06650181709006488,-0.034428879897237995,0.052576604724262094,-0.10319048946085473,-0.02644572453702614,0.059620482826579606,-0.0907869251876073
18,1,5,128,10,4.0,0,1,0,-0.014981801967482422,-0.002624963085683287,0.010862025114112803,-0.03089953298006988,0.04743753266648879,-0.029377230025773835,-0.015555852098182554,0.009697023959926205,0.12065527072267607,-0.14852138486184852
19,1,3,80,13,4.0,0,1,0,-0.01498180196748247,-0.0029401231728555825,-0.032515137998643404,-0.04004865694723378,0.01760974076055829,0.05002888153124415,0.09303150304685935,-0.0713170792785064,0.11785228682283842,-0.02560143021840373
20,1,3,113,13,5.999999999999999,0,1,0,-0.014981801967482533,-0.0024971954827756044,-0.006817571569628654,-0.027288266880733995,0.04793619054219824,-0.06429189030959205,0.08779639960654621,-0.010403975173991113,0.010775090030727847,0.010220387307870492
21,1,3,72,9,5.999999999999999,0,1,0,0.988798929853846,5.578928148826136e-17,-1.3357370765021417e-16,-1.9428902930940244e-16,-4.857225732735059e-17,-1.1102230246251564e-16,-7.63278329429795e-17,-1.3877787807814455e-17,-2.775557561562891e-17,6.938893903907227e-17
22,1,2,78,14,4.0,0,1,0,-0.014981801967482415,-0.0028975339718863386,-0.011192960065088945,-0.00039460403073156996,0.07234432949504617,-0.03715087048342837,0.08002140603028823,0.035628309170673056,-0.10721390924401829,0.038437081928158374
23,2,2,152,14,10.0,0,1,0,-0.014981801967482415,-0.0028975339718863525,0.0027872649196522864,-0.01111949809062514,0.009429968914564364,-0.002206563674056416,0.02842894460693549,-0.022560148475951333,-0.017484319418778083,0.03139917880623917
24,5,3,88,9,2.0,0,1,0,-0.014981801967482665,0.8865140102045648,6.93889390390723e-18,-4.857225732735061e-17,5.551115123125782e-17,-0.0,4.1633363423443364e-17,-2.0816681711721682e-17,-1.3877787807814455e-17,6.9388939039072276e-18
25,1,2,81,14,8.0,0,1,0,-0.014981801967482422,-0.0026249630856832904,0.021569292595421913,0.05364418134085537,0.017796664682783497,0.022638684608002044,-0.009202222212262445,-0.003960347627455932,-0.003140897110182963,-0.007684935313869173
26,7,3,155,9,10.0,0,1,0,-0.014981801967482422,-0.002624963085683287,-0.06262804260608115,-0.054097211218410886,-0.00947491058090144,-0.05940635706136988,-0.0021315557348536534,0.06281611134635266,-0.024964279163172967,0.014287894720447976
27,1,3,73,33,2.0,0,1,0,-0.014981801967482533,-0.002497195482775601,-0.10615107598632556,0.013737876714606162,0.09560968915005323,-0.01843793650421501,-0.025894897225946786,-0.035951567519085,0.15336513993207937,-0.010124955564218037
28,1,3,72,13,5.999999999999999,0,1,0,-0.01498180196748245,-0.0024971954827756027,-0.0020237022415259655,0.007617591719609235,0.040621013196373436,-0.09077631916787691,-0.020498790811211892,0.07013690844481851,0.009287581874795196,-0.0010577399542010533
29,2,6,220,4,10.0,0,1,0,-0.01498180196748245,-0.002497195482775602,-0.0651080090638284,-0.14230424075805315,0.032642098887734665,-0.012245199617441704,-0.006293359513898726,0.11554423931849717,0.011258075851870282,-0.01141397006830244
30,2,4,98,13,5.999999999999999,0,1,0,-0.01498180196748248,-0.00257385604452021,-0.05458063047651174,0.0035878140251335284,-0.012205721086234283,0.03410087937706455,-0.02484323814850228,-0.04128282051941878,-0.0001833507567196024,-0.09778700490208835
31,6,2,82,6,4.0,0,1,0,-0.014981801967482557,-0.0022586959573479195,-0.03310825042043741,-0.274119373631431,-0.17869774424982418,0.01402789382524273,0.0022664786163332762,-0.03768859042479763,0.024027540742761876,-0.018046744429879368
32,4,4,159,10,8.0,0,1,0,-0.014981801967482432,-0.0033404616619663384,-0.0341706668297584,0.037516021275204585,-0.08315536182466877,0.06172045379841412,-0.015402818578046764,-0.0004881091527039367,-0.030306843372291666,0.0577420816486871
33,1,3,71,13,5.999999999999999,0,1,0,-0.01498180196748244,-0.002965676693437122,0.09780852531664726,-0.016276670711249292,-0.017595243407489778,-0.035024571800418916,-0.06621731518364794,0.06530787613245188,0.051487049978742185,-0.0907366834153983
34,1,4,118,10,5.999999999999999,0,1,0,-0.01498180196748245,-0.003187140538477111,0.10481833963025819,-0.016866377172960703,0.25067833718563565,-0.09403885358223743,0.07915037215578793,-0.019570448884665585,0.06670055073620955,-0.08117265656170607
35,6,6,94,10,2.0,0,1,0,-0.01498180196748245,-0.002497195482775601,-0.015084726336635695,-0.10241749359728873,0.005671579755006275,-0.020059140199969287,0.04392638217231952,0.03808687192494153,0.03199185763469136,-0.03856307636432279
36,3,5,211,8,10.0,0,1,0,-0.01498180196748244,-0.002965676693437123,-0.018785565356765354,-0.04722817827216851,0.14350056863954122,-0.09466708927386733,-0.05888605359746198,-0.035627460285841246,0.08603694064963142,0.0053419464230018655
37,2,2,84,20,4.0,0,1,0,-0.014981801967482397,-0.003945228315729389,-0.018902774160298504,0.028098708034941695,0.027214273172337933,0.00791901819253702,-0.0036014504346643683,-0.01641714938782263,-0.023430133833729515,-0.050623441709363726
38,1,3,108,10,5.999999999999999,0,1,0,-0.014981801967482437,-0.003451193584486331,0.06993211425757186,0.01314977286129074,-0.03896867017101544,0.03504575071528864,-0.026367862957333003,0.14464809383859423,-0.15469665611696254,-0.04588441182836238
39,2,6,148,6,8.0,0,1,0,-0.014981801967482403,-0.0037663536716586285,0.09232703641136084,0.02221920166747313,0.008285116019289345,-0.11332946082859888,-0.0618959946283309,0.03575296335155468,-0.1517506477130001,0.02701706549290177
40,2,6,67,6,5.999999999999999,0,1,0,-0.014981801967482437,-0.0036556217491386335,-0.040453698589264245,-0.010772690487861393,-0.015166041888311778,-0.005949776616618399,-0.08069930941382034,-0.09755604497481256,0.027967592872848872,-0.034565818895645944
41,3,4,104,10,2.0,0,1,0,-0.014981801967482432,-0.0036385860687509416,0.0018720070461062167,-0.03694214485608747,-0.16015758546595762,-0.06323014374529877,-0.0951873538900654,-0.12797944104472542,-0.04366857698047104,0.01710226492218122
42,1,4,166,10,4.0,0,1,0,-0.01498180196748241,-0.0033830508629355636,0.028152151491481685,-0.009327159961625127,0.1665966712034145,0.06261790060054247,-0.008739182677848577,0.114124955206019,0.02446217138139686,0.0096674335473508
43,2,5,148,15,8.0,0,1,0,-0.014981801967482387,-0.003919674795147854,-0.019899009258024316,0.03367002216703065,-0.03909809151728237,0.05399234034181917,-0.01488315365353599,-0.17922607822601383,0.001620331458685781,-0.10471147562674787
44,1,6,187,6,8.0,0,1,0,-0.01498180196748244,-0.002965676693437121,-0.03680370532045868,0.01337988797611302,-0.018164748754398347,-0.09516017109194358,-0.10680690369293078,-0.1261910508220102,0.16013199408006945,-0.10597483647129342
45,1,4,122,10,5.999999999999999,0,1,0,-0.014981801967482434,-0.0031530691777017306,-0.17334809740825194,0.008933710621691808,0.038892928561817475,0.07804924784981636,0.05813225560335014,0.08137028475246576,0.04559094405247927,-0.008681670536540476
46,1,5,174,8,8.0,0,1,0,-0.01498180196748248,-0.00257385604452021,-0.08162873451475576,0.00025277995066485057,0.07057656208774753,0.07810366573567064,0.08562751675346184,-0.06148134554939694,0.033599574352708286,0.10950165435001
47,1,4,72,10,5.999999999999999,0,1,0,-0.014981801967482557,-0.0022586959573479195,0.003599454875212133,-0.008039289596393854,-0.11559263835859648,-0.05908997305895608,0.019265657319271063,0.08620819772511744,-0.10505450580070397,-0.006549105897721021
48,4,5,179,8,10.0,0,1,0,-0.014981801967482455,-0.002701623647427902,0.10632120242004728,-0.038686474714474235,0.13904084804206265,0.055213036372504194,-0.01092500049119933,0.06426249443239572,-0.02675721786059722,-0.054885625172322206
49,2,6,238,10,10.0,0,1,0,-0.014981801967482474,-0.002352392199480224,-0.01795947584498363,-0.06903435075143768,0.059734421299845054,0.05324686710054239,0.0891413045364087,0.05059888534424115,-0.07169636421891941,0.005221086917866199
50,3,5,176,10,5.999999999999999,0,1,0,-0.014981801967482557,-0.0022586959573479178,-0.09685390669077595,0.6939635716405842,-0.060790038875538764,0.03178377165454457,-0.06892124885611935,-0.036939596926120234,0.009240193334432772,-0.08375253925147658
51,4,5,172,10,5.999999999999999,0,1,0,-0.01498180196748248,-0.002573856044520212,-0.046879174621597325,0.4743243337780002,-0.005325218319067473,-0.06900662323315769,0.1206248280445222,0.08264440809970593,0.0027380446563847623,0.04030053237379197
52,4,5,109,8,5.999999999999999,0,1,0,-0.014981801967482432,-0.003340461661966338,0.012184630367511037,-0.0009753684684292881,0.16263328529917878,0.016703009318574033,0.009432531971124185,-0.19383835750599782,-0.09756925408118118,0.07421114932592404
53,2,6,195,10,10.0,0,1,0,-0.014981801967482557,-0.0022586959573479204,0.22076986157325493,0.0035727819605398878,0.05716292686501152,0.038698315906041725,-0.09177925950035228,-0.054384806285078545,-0.011652444689762625,0.09483461227881114
54,4,5,148,10,8.0,0,1,0,-0.01498180196748248,-0.0025738560445202107,0.053436623329897,-0.007875938212490585,-0.059583508141746185,0.04193742880812277,0.01843919506903541,0.005715039413749473,-0.10062765202971943,-0.008769913708870088
55,4,4,158,10,5.999999999999999,0,1,0,-0.01498180196748248,-0.002573856044520212,-0.012684747124911487,-0.023394901218086215,0.02311504616994398,0.004833066504347102,-0.03153432347168673,-0.02643117260951486,0.01777898727511112,0.04888405040621077
56,2,3,172,10,8.0,0,1,0,-0.01498180196748248,-0.0025738560445202154,0.04250313253092529,-0.0939549752338052,0.06933468630460096,0.024344906070894037,0.07255942485376725,0.005263793443033719,-0.06533405582472633,0.005886269681300616
57,5,6,223,6,10.0,0,1,0,-0.014981801967482503,-0.002420534921030989,-0.010479167732948104,-0.06836176747128296,-0.08596940516622821,-0.03514824042961253,0.000778010848695415,0.07150166161795521,0.05028497615675178,-0.08009331157512205
58,1,4,72,10,5.999999999999999,0,1,0,-0.014981801967482437,-0.0030593729355694243,-0.005298704815787639,-0.027351868220130516,-0.12165998368457773,0.12867477450757545,-0.1451747548642396,0.138260988797459,0.044556674416397886,0.135876615166437
59,4,5,109,8,5.999999999999999,0,1,0,-0.01498180196748244,-0.0029656766934371198,0.22110323487274142,0.024060872378388203,-0.1074275356063067,-0.0008437094241384237,-0.23148557928971028,-0.012528001452760616,0.08705611006440751,-0.11814790773670622
60,6,5,184,2,8.0,0,1,0,-0.014981801967482503,-0.0024205349210309904,0.045286857398443424,-0.05314303448554761,-0.03587828056346105,-0.024889184114704876,-0.03431402936632971,0.10960958194039323,0.0009301260137456051,-0.06417934189816343
61,1,3,72,10,5.999999999999999,0,1,0,-0.01498180196748248,-0.002573856044520212,-0.10787957023683106,0.010222694035689739,0.43241644616781955,0.030618834502968432,-0.14571010898750444,-0.044191102380214134,-0.044865191404919305,-0.18024981672140794
62,3,6,154,10,8.0,0,1,0,-0.014981801967482557,-0.0022586959573479178,-0.19947277083792594,-0.034930538974739585,-0.16412627216429027,-0.011826782535537268,-0.07609624442057018,-0.13642246908335492,0.10738429669779921,0.17155179041821741
63,6,3,146,13,4.0,0,1,0,-0.014981801967482413,-0.003595996867781713,0.02365582680601374,0.009557001281279929,0.0730511520452774,0.14686850055332304,0.09180733553022281,0.0033374935109176432,0.07124209058435674,0.002338518208931491
64,1,3,113,10,5.999999999999999,0,1,0,-0.01498180196748248,-0.0025738560445202146,0.047790692479443,0.006279653385442193,0.11974322041311442,-0.014006100557035299,0.04356578809886574,0.07507420218888679,-0.11007837635398755,-0.023910748725733674
65,1,3,71,4,5.999999999999999,0,1,0,-0.014981801967482385,-0.003723764470689398,-0.0787592956191966,0.016816353441100596,-0.10886844024769139,0.05920905717099637,-0.17171600016157212,0.048626129908071636,-0.07938008093298513,-0.13666225842198998
66,3,3,82,10,4.0,0,1,0,-0.01498180196748248,-0.0025738560445202115,-0.04173793990675974,-0.007002731848093864,-0.0714579832201851,-0.013297487739230023,-0.018010536879959346,-0.12115240899467423,0.12826652509478956,-0.006555360699979578
67,3,3,121,13,8.0,0,1,0,-0.01498180196748244,-0.0029656766934371198,0.04254565154176916,0.006946781543214331,-0.022660797510327856,0.03454416581323692,-0.11947427592349291,0.0006150857068628316,-0.057128489466605335,0.04456971962092036
68,1,3,149,10,5.999999999999999,0,1,0,-0.014981801967482425,-0.0034171222237109494,0.04425335431731544,0.037385194654220764,0.011840515607246303,0.037060721076235495,0.06659186810234723,0.02152093593032645,0.11993270646638894,-0.06860265856016266
69,1,4,122,10,5.999999999999999,0,1,0,-0.01498180196748248,-0.0025738560445202133,0.11839788258584691,0.01007539490224607,-0.031667495275952674,0.061164989174880585,-0.046651342617833255,0.0832382581415706,0.15977684263742914,0.06999236046185014
70,3,5,216,8,10.0,0,1,0,-0.014981801967482493,-0.0027016236474278993,0.024321975685061004,-0.02423620671219396,-0.02504667738280056,-0.01760819805929485,-0.1247564335400744,-0.14189094131799337,0.08774035572900422,-0.010274752656806623
71,1,6,196,10,4.0,0,1,0,-0.014981801967482455,-0.002701623647427901,0.02324336920681631,-0.0037426282398739597,-0.18905639414108835,-0.0736034657895665,0.25662966730911646,-0.1083353252959306,0.0830372851859578,0.048070299260839326
72,2,2,98,20,5.999999999999999,0,1,0,-0.014981801967482432,-0.0033404616619663375,0.00021662563258699653,0.021711975983718806,-0.02592517106647869,0.12720791800105352,0.10560946120978462,-0.016798167874405613,0.11350994742192473,-0.10420747499729963
73,1,4,72,10,5.999999999999999,0,1,0,-0.014981801967482408,-0.003578961187394019,-0.011289500146587104,-0.014019444700171458,0.01614896417715777,-0.17373403600240145,0.13584051767304556,-0.05427553140512495,0.2095543166152004,-0.01925143405371024
74,1,3,80,9,5.999999999999999,0,1,0,0.988798929853846,5.578928148826136e-17,-1.387778780781446e-16,-6.505213034913028e-18,-8.326672684688673e-17,1.2490009027033009e-16,7.63278329429795e-17,2.4286128663675296e-17,-6.245004513516504e-17,5.2041704279304205e-18
75,4,4,156,10,4.0,0,1,0,-0.01498180196748245,-0.002497195482775602,-0.07042821234265662,0.06145110995346777,0.08141844091095223,0.06085839233720255,-0.00983786049066841,-0.030824783750052476,0.0846165221259323,0.027772401893421197
76,6,6,222,10,4.0,0,1,0,-0.01498180196748248,-0.002573856044520212,-0.03498807299971326,-0.09945923465318181,-0.025225755626770284,-0.008355770042421379,0.1320448656754932,0.04166370978945925,-0.025367878677061428,-0.03947007717896082
77,2,4,166,10,4.0,0,1,0,-0.014981801967482417,-0.003996335356892465,-0.09390543832277819,0.00615505973768814,-0.03445472669245518,-0.10093223157987526,0.007516716623746661,-0.12478317798982855,-0.15932913931859102,-0.1482081920288735
78,1,4,160,10,4.0,0,1,0,-0.014981801967482417,-0.0039963353568924645,0.0620009541017232,0.003473688486556354,0.010437539924630734,0.1621339606629902,0.0024313820621422286,-0.058670149833874516,-0.019432446294017518,-0.1472795129690401
79,2,4,98,10,5.999999999999999,0,1,0,-0.014981801967482462,-0.003118997816926347,-0.045608061383575565,0.003066276197467582,-0.07132292680655353,-0.014329954904664505,-0.009275169525124525,-0.03466920156948732,-0.10714873277544254,-0.004171903183835622
80,3,3,124,13,5.999999999999999,0,1,0,-0.014981801967482456,-0.003297872460997109,-0.08150984961606307,0.02396087233221234,0.028601996525410504,0.09593915976646616,-0.07428954675565315,-0.019721948840706615,0.027638387742081712,0.19826789136232684
81,5,5,241,8,8.0,0,1,0,-0.014981801967482425,-0.0036215503883632477,0.4077685017891433,-0.010468684236097758,-0.020968021023539517,0.13890351694091607,-0.000759452707507777,-0.17019941799657543,-0.06847582051617475,0.03439629249433977
82,2,6,186,6,8.0,0,1,0,-0.014981801967482462,-0.0035108184658432526,0.047450714255692875,0.01753213182304382,0.007437786320592059,-0.10677504175354934,-0.06812620522049667,0.19445261369260727,0.03288114955923196,-0.023965609476176254
83,3,4,94,10,2.0,0,1,0,-0.014981801967482425,-0.003621550388363249,0.031199114374854148,-0.010126734549691917,-0.05498972660733495,-0.015506459332575767,0.11080828527774252,-0.19064795842562124,0.0325730152465865,-0.07875532392685562
84,2,5,170,8,8.0,0,1,0,-0.014981801967482425,-0.0038174607128217027,0.06372711892067831,0.011909355030655482,-0.022298976709640383,0.10040576902456018,0.006764036228924384,0.04553207462634959,-0.020584748570246107,0.1229028976619155
85,2,6,155,6,5.999999999999999,0,1,0,-0.014981801967482444,-0.003468229264874022,0.06579511353529037,0.007245059013080847,0.013943296226286947,-0.12239073490416175,0.13071676357026393,-0.08568095528913863,0.08274523429891804,-0.049001175395273884
86,4,5,167,8,8.0,0,1,0,-0.014981801967482425,-0.003817460712821702,-0.09440981871191419,0.0011842499262199773,-0.030229370563808606,-0.08772522467262228,0.0296329814312024,0.12799689659008195,-0.13596319769526685,-0.11316558491307184
87,3,6,201,6,5.999999999999999,0,1,0,-0.014981801967482434,-0.003153069177701728,-0.07996491573867567,9.998282651796713e-06,-0.03681164763468273,0.0039691919379477745,-0.1475622423581628,0.08898755967323081,-0.0009050656929532529,0.1489999403732445
88,3,5,248,8,10.0,0,1,0,-0.014981801967482463,-0.003417122223710948,0.1364209035166632,0.007025208851127854,0.17926925194096988,-0.10068687238096348,0.01936538367547438,0.10741497380275716,0.27282774166686896,0.0511106163412666
89,2,4,127,10,10.0,0,1,0,-0.014981801967482456,-0.0032978724609971093,-0.05373133595186723,-0.02381185312693322,0.07369057290237617,-0.21948714228941482,-0.0171825717617234,-0.0031127411600740972,-0.19746002656452344,-0.02911139301020349
90,6,3,86,22,8.0,0,1,0,-0.01498180196748238,-0.004302977603870915,-0.0522192489346408,-0.014042676637957299,-0.009417586865530401,-0.0633735396006128,-0.016393485505923462,-0.11183379323848193,0.07107606646080834,0.19744705524094114
91,2,2,90,14,4.0,0,1,0,-0.014981801967482404,-0.0039622639961170835,-0.0321295985948175,-0.007257367599462125,-0.060396631815230216,-0.02524858226216978,0.15795669745622892,0.1135440125370683,0.06305964475529406,0.017311939879552752
92,2,2,71,34,2.0,0,1,0,-0.014981801967482413,-0.003979299676504774,0.023326514109657047,0.00796743124815725,-0.13458023386702161,-0.11374730742182566,0.09283136918501274,0.09592901458255323,0.006205837859345637,0.05647589861355333
93,2,5,183,8,8.0,0,1,0,-0.014981801967482462,-0.0035108184658432535,-0.1239353613205449,0.0010011095388445675,-0.004349630238639504,-0.1346714398693132,-0.02670371935420446,0.06504178266771224,-0.08288128664829165,0.06643477791193265
94,5,3,105,13,5.999999999999999,0,1,0,-0.01498180196748239,-0.004422227366584756,-0.05025202283977141,-0.007619545876836123,0.035638659306486756,-0.03258789105410121,-0.08221911671166993,0.032660524242976406,-0.09851183511809719,-0.07009078902074402
95,1,3,113,10,5.999999999999999,0,1,0,-0.014981801967482469,-0.0035278541462309457,0.0608447106850179,0.04312268682888372,0.024378876003070222,0.05932121059265534,0.030293636819836354,-0.06658252894548247,-0.19251710950483347,0.2539792011131175
96,1,3,72,13,5.999999999999999,0,1,0,-0.014981801967482463,-0.0034171222237109485,-0.14821399391968426,-0.10470022541240714,0.01666234890663981,-0.028923115756869868,-0.04832225516286807,-0.1289003206376482,0.10527349201666215,0.0025495866110428855
97,1,4,103,10,5.999999999999999,0,1,0,-0.014981801967482417,-0.0038004250324340113,-0.060108948031564774,0.013276869846550642,0.029482812803107817,0.08354856109793896,0.15772082262934273,0.19224438395379415,-0.08557483703285623,-0.05521597667550186
98,3,5,154,8,8.0,0,1,0,-0.01498180196748245,-0.003187140538477112,0.0029819832727721535,-0.02403398989778889,0.05522749395324536,0.05731893754254783,-0.11925697488984807,0.03844830765481842,0.06294137901863381,-0.053384122220838215
99,5,6,158,10,5.999999999999999,0,1,0,-0.014981801967482541,-0.0027186593278155924,-0.17050755115583344,-0.027054246523329165,-0.08624410591972743,-0.09115153061265775,-0.0009015071989255332,-0.1172893693230959,0.039175037378999925,-0.06537172211176003
100,1,3,72,11,5.999999999999999,0,1,0,-0.014981801967482408,-0.0035789611873940194,0.009811404708433879,0.005489429956376107,0.049164099689653504,-0.015020010125255603,0.03921146634839736,0.02102636025072352,0.010995783565906301,-0.038091986790144146
101,3,6,154,6,8.0,0,1,0,-0.014981801967482486,-0.0027782842091725146,0.017304228848322608,0.0003405134799105217,-0.0927509644386355,0.040491382964830014,0.04931563397491268,-0.002425435494306224,0.0007619158364383509,0.023795187108122687
102,1,3,118,13,5.999999999999999,0,1,0,-0.014981801967482425,-0.003817460712821702,0.06106988876582184,0.009598786998231133,0.02038856850246991,-0.0005298278050606232,0.08650152499988532,-0.0014283924920929518,0.011415571075474999,-0.16844956040514797
103,5,6,121,10,5.999999999999999,0,1,0,-0.01498180196748245,-0.003187140538477112,-0.046439994040653805,-0.09288046310282602,0.010781327330306555,-0.08663404342219941,-0.1164139206244408,0.06731435426309637,0.03700236585347781,0.15902443792021279
104,1,3,78,13,4.0,0,1,0,-0.014981801967482417,-0.004592584170461669,-0.031975105094813515,0.005295627871646848,-0.07648266007136996,-0.07342392349468692,-0.032476650946958376,0.08604114979397073,-0.08417612329949753,-0.11511772801949408
105,10,2,55,10,1.0,0,1,0,-0.014981801967482432,-0.003340461661966336,0.04239656857633394,-0.013035660348674514,-0.07658714559904477,-0.018587906635907852,-0.11672091513122027,0.11895288548037417,-0.06560288291139334,-0.019961323210469086
106,1,3,145,10,4.0,0,1,0,-0.014981801967482432,-0.0033404616619663375,0.002672774748722275,0.015498939144136241,0.03568814477224058,0.025848754395112566,0.008297049617784711,-0.01635439589252673,-0.0026404534352248345,0.01035917197333501
107,1,6,154,6,8.0,0,1,0,-0.014981801967482434,-0.003153069177701728,-0.11206461339100027,-0.00699999303900681,0.06537921227290228,0.14492514096330159,0.28550607064379413,-0.11502344961319606,0.04588481190607186,-0.047859136992726876
108,1,4,160,10,5.999999999999999,0,1,0,-0.014981801967482396,-0.004047442398055541,-0.07950495373750849,-0.012264380105751515,-0.012835875917149511,-0.009139874024129626,0.25465269248213185,-0.041258915218756645,-0.24968193244035697,0.00506515525317668
109,1,3,118,13,5.999999999999999,0,1,0,-0.014981801967482434,-0.004141138640187844,-0.03583314207453047,0.03669370410284417,0.0538395316455377,0.017582958173316458,-0.09936064168980491,0.1164861001239652,-0.04314942982279319,-0.04650437681984409
110,1,2,67,20,5.999999999999999,0,1,0,-0.014981801967482486,-0.003970781836310928,-0.033855653603144166,-0.008436142152602145,0.009976850945528496,-0.026673609768239695,0.08792998365903394,0.2815860479726604,0.2114734081390666,0.046083500417873034
111,5,6,255,6,10.0,0,1,0,-0.014981801967482439,-0.003953746155923235,-0.1316369879114667,0.021505851697417634,0.08298385182207756,-0.0018318993698394415,-0.10039058181779648,0.031065862759063447,-0.05791775864536211,0.22045759730411174
112,2,2,95,20,4.0,0,1,0,-0.01498180196748248,-0.0032638011002217257,0.05529976794651539,0.01021618459480463,0.035569841028805275,0.10147930749945684,0.153539588664348,0.11120983152961524,-0.06101142327909385,0.1536393631773389
113,5,5,80,10,4.0,0,1,0,-0.014981801967482505,-0.003118997816926347,-0.02475252711385135,-0.004422130111379904,0.04636805636823442,-0.028392526578615813,-0.09707108673215191,-0.012209438434490872,0.09729408124433639,0.04666891740656353
114,1,5,110,8,4.0,1,0,0,-0.014981801967482476,-0.0038430142334032417,0.11712168262273097,0.0076644490326725715,-0.06402687557392706,0.06513922329835899,0.06213571231160127,-0.06270522045988902,0.118993873577679,-0.060063053703191614
115,1,3,184,13,5.999999999999999,1,0,0,-0.014981801967482476,-0.0038430142334032417,0.14229214477586916,0.01740707789237167,-0.0890782137933565,0.025303249784057655,0.021714378035410122,0.08346504492478922,0.05045402844439571,-0.12315474132218449
116,1,3,113,13,5.999999999999999,0,1,0,-0.014981801967482505,-0.0031189978169263496,0.026482596544346,0.09655133023562201,-0.025322816164672666,-0.05139090123458389,0.0011432226064936096,0.07370046695707334,0.01091828185679729,0.002049685472767161
117,5,6,149,10,8.0,0,1,0,-0.014981801967482469,-0.0037322823108832445,-0.0481423756140735,0.07372275715114655,-0.12766924897675988,-0.015302521982230732,0.039210412817777825,-0.09867136727569807,-0.027433919162722916,0.13218340741461185
118,2,3,96,10,4.0,0,1,0,-0.014981801967482437,-0.003655621749138632,-0.0010694780332226874,0.04187719152317997,-0.07217377315218086,-0.11095400237324267,-0.01786951718955762,0.08722856249544207,-0.04406100079164042,0.02047229825000256
119,4,5,189,10,8.0,0,1,0,-0.014981801967482512,-0.003340461661966338,-0.048068377467746295,-0.007387428548155413,-0.20661092853661253,-0.015381811368359517,-0.13177318461085957,-0.019824412311260694,0.024939331505107715,0.04641726473514733
120,3,4,132,10,5.999999999999999,0,1,0,-0.014981801967482458,-0.003800425032434013,0.24677483034843894,-0.004769669160912721,-0.010630589405877335,-0.07163235293347249,-0.14172494140433003,-0.1895612509181309,-0.20758352473035246,-0.06169576133829629
121,1,5,80,13,5.999999999999999,0,1,0,-0.014981801967482413,-0.004379638165615526,0.01881074887696551,0.012235554431289004,-0.03806846796105862,-0.038314120473266836,0.12197111668507447,-0.03479461482797624,-0.07145555233450251,-0.26080703024447566
122,11,2,155,20,10.0,0,1,0,-0.014981801967482491,-0.003485264945261715,-0.060499623915253514,-0.0025686423430875114,-0.11813545095514606,0.1775681328321346,-0.038174516735166204,0.18359372557118772,0.06620076339905662,-0.12383794043380807
123,1,4,72,10,5.999999999999999,0,1,0,-0.014981801967482439,-0.00425187056270784,0.3726481015114902,0.0004613964857022452,0.01966751467036362,-0.16504341045359763,0.11178810847591887,-0.03710337974475562,0.03159633394830411,0.16697351741238728
124,1,2,68,20,5.999999999999999,0,1,0,-0.014981801967482476,-0.0038430142334032425,-0.012086736639969967,0.00919821787468336,-0.018652030600549582,0.09161319335612235,0.036456913887154614,-0.08353685094881774,0.1633415850187042,0.002115350409782435
125,7,2,107,10,4.0,0,1,0,-0.014981801967482432,-0.004728869613563207,0.09236624158426245,0.01762212472048208,0.03940511483096969,-0.20275423249587984,0.03535835084238427,0.08522705325373459,0.034744329373810404,0.030383211763851302
126,1,2,67,10,5.999999999999999,0,1,0,-0.014981801967482486,-0.003970781836310927,-0.004265071389951598,-0.013836376185356363,0.008385689437108752,-0.08984634407239525,-0.0621292034474239,0.038004398548868876,-0.04482302505200172,-0.010013056851383774
127,4,5,118,10,4.0,0,1,0,-0.014981801967482498,-0.003800425032434013,0.006079546179816353,-0.00288902758036505,-0.0588904499166662,0.002149610477788709,-0.09580378504298345,-0.04117449604236127,-0.011405082729991597,-0.061673621470650995
128,1,4,72,10,5.999999999999999,0,1,0,-0.014981801967482505,-0.0031189978169263487,-0.0735471302383698,0.02270059884881682,0.24915646535490002,0.038328444431452995,-0.2248602542078493,-0.09544277981353046,0.1005745176476164,0.08729980769312022
129,1,3,71,10,5.999999999999999,0,1,0,-0.014981801967482425,-0.004413709526390909,0.017748545066890112,-0.0047521217050936855,-0.03271516076002641,0.5292385930090187,-0.019799548150552654,0.04496933426659621,-0.030541513509748063,-0.07146706447528642
130,1,3,72,10,5.999999999999999,0,1,0,-0.014981801967482486,-0.003970781836310927,-0.12569706219751758,-0.016534622495524825,0.04044275632726658,0.045530472987447584,0.03373812636647742,-0.19778011900044867,-0.16012791447728783,-0.03441194603221287
131,5,3,108,4,4.0,0,1,0,-0.014981801967482503,-0.004498887928329372,-0.003980147824945905,-0.010060130356120515,-0.030938466995500943,0.17241826933363785,0.06747186116732116,0.009325871392644054,-0.020251948674591614,0.2755841707048142
132,1,3,71,13,5.999999999999999,0,1,0,-0.014981801967482469,-0.0037322823108832475,0.08273750852839858,0.005415617178652345,-0.16606454409899216,0.0011447556881212723,0.05106190417688117,-0.028881339438214214,0.02229205732023792,0.05877549902361729
133,1,4,145,10,8.0,0,1,0,-0.014981801967482505,-0.003118997816926349,0.05787486309599952,-0.002035405860179557,0.08679829350449927,0.07561927755545149,-0.020624706283210278,0.11060290731896893,-0.08258433162359113,0.0965588133853788
